,humidity,temperature
2015-01-01 00:00:00-06:00,0.73,38.74
2015-01-01 01:00:00-06:00,0.74,38.56
2015-01-01 02:00:00-06:00,0.75,38.56
2015-01-01 03:00:00-06:00,0.79,37.97
2015-01-01 04:00:00-06:00,0.8,37.78
2015-01-01 05:00:00-06:00,0.92,36.35
2015-01-01 06:00:00-06:00,0.97,35.27
2015-01-01 07:00:00-06:00,0.96,35.46
2015-01-01 08:00:00-06:00,0.96,35.65
2015-01-01 09:00:00-06:00,0.96,36.36
2015-01-01 10:00:00-06:00,0.99,36.92
2015-01-01 11:00:00-06:00,0.98,37.29
2015-01-01 12:00:00-06:00,0.98,37.47
2015-01-01 13:00:00-06:00,0.97,37.95
2015-01-01 14:00:00-06:00,0.97,38.13
2015-01-01 15:00:00-06:00,0.99,38.24
2015-01-01 16:00:00-06:00,0.98,38.64
2015-01-01 17:00:00-06:00,0.99,39.04
2015-01-01 18:00:00-06:00,0.98,39.04
2015-01-01 19:00:00-06:00,0.99,38.83
2015-01-01 20:00:00-06:00,0.99,38.83
2015-01-01 21:00:00-06:00,0.99,39.76
2015-01-01 22:00:00-06:00,0.99,39.76
2015-01-01 23:00:00-06:00,0.99,39.76
2015-01-02 00:00:00-06:00,0.99,39.94
2015-01-02 01:00:00-06:00,0.99,39.76
2015-01-02 02:00:00-06:00,0.99,39.58
2015-01-02 03:00:00-06:00,0.99,38.83
2015-01-02 04:00:00-06:00,0.99,39.02
2015-01-02 05:00:00-06:00,0.99,39.02
2015-01-02 06:00:00-06:00,0.98,39.23
2015-01-02 07:00:00-06:00,0.99,39.02
2015-01-02 08:00:00-06:00,0.99,39.95
2015-01-02 09:00:00-06:00,0.99,40.13
2015-01-02 10:00:00-06:00,0.99,40.83
2015-01-02 11:00:00-06:00,0.96,41.76
2015-01-02 12:00:00-06:00,0.95,42.06
2015-01-02 13:00:00-06:00,0.98,42.65
2015-01-02 14:00:00-06:00,0.99,42.65
2015-01-02 15:00:00-06:00,0.99,42.65
2015-01-02 16:00:00-06:00,0.99,42.65
2015-01-02 17:00:00-06:00,0.99,42.65
2015-01-02 18:00:00-06:00,0.98,41.72
2015-01-02 19:00:00-06:00,0.99,41.54
2015-01-02 20:00:00-06:00,0.99,41.32
2015-01-02 21:00:00-06:00,0.97,40.95
2015-01-02 22:00:00-06:00,0.97,40.74
2015-01-02 23:00:00-06:00,0.97,40.36
2015-01-03 00:00:00-06:00,0.97,39.57
2015-01-03 01:00:00-06:00,0.99,39.75
2015-01-03 02:00:00-06:00,0.99,39.94
2015-01-03 03:00:00-06:00,0.99,40.16
2015-01-03 04:00:00-06:00,0.99,40.65
2015-01-03 05:00:00-06:00,0.99,40.65
2015-01-03 06:00:00-06:00,0.96,40.34
2015-01-03 07:00:00-06:00,0.98,40.16
2015-01-03 08:00:00-06:00,0.96,40.16
2015-01-03 09:00:00-06:00,0.93,41.76
2015-01-03 10:00:00-06:00,0.88,43.78
2015-01-03 11:00:00-06:00,0.84,45.32
2015-01-03 12:00:00-06:00,0.78,47.06
2015-01-03 13:00:00-06:00,0.73,50.5
2015-01-03 14:00:00-06:00,0.65,54.02
2015-01-03 15:00:00-06:00,0.55,57.77
2015-01-03 16:00:00-06:00,0.54,59.16
2015-01-03 17:00:00-06:00,0.6,57.22
2015-01-03 18:00:00-06:00,0.74,51.66
2015-01-03 19:00:00-06:00,0.83,47.39
2015-01-03 20:00:00-06:00,0.86,45.55
2015-01-03 21:00:00-06:00,0.89,43.92
2015-01-03 22:00:00-06:00,0.93,41.52
2015-01-03 23:00:00-06:00,0.92,41.07
2015-01-04 00:00:00-06:00,0.97,41.83
2015-01-04 01:00:00-06:00,0.93,40.85
2015-01-04 02:00:00-06:00,0.9,39.73
2015-01-04 03:00:00-06:00,0.91,38.78
2015-01-04 04:00:00-06:00,0.85,39.74
2015-01-04 05:00:00-06:00,0.76,41.66
2015-01-04 06:00:00-06:00,0.75,40.99
2015-01-04 07:00:00-06:00,0.78,39.66
2015-01-04 08:00:00-06:00,0.78,40.18
2015-01-04 09:00:00-06:00,0.72,42.37
2015-01-04 10:00:00-06:00,0.68,45.26
2015-01-04 11:00:00-06:00,0.61,46.72
2015-01-04 12:00:00-06:00,0.54,47.14
2015-01-04 13:00:00-06:00,0.49,47.64
2015-01-04 14:00:00-06:00,0.49,47.64
2015-01-04 15:00:00-06:00,0.47,47.73
2015-01-04 16:00:00-06:00,0.47,46.53
2015-01-04 17:00:00-06:00,0.49,44.0
2015-01-04 18:00:00-06:00,0.57,41.26
2015-01-04 19:00:00-06:00,0.62,39.19
2015-01-04 20:00:00-06:00,0.66,37.21
2015-01-04 21:00:00-06:00,0.68,35.92
2015-01-04 22:00:00-06:00,0.71,34.32
2015-01-04 23:00:00-06:00,0.72,33.28
2015-01-05 00:00:00-06:00,0.67,33.95
2015-01-05 01:00:00-06:00,0.73,32.29
2015-01-05 02:00:00-06:00,0.72,31.59
2015-01-05 03:00:00-06:00,0.74,30.48
2015-01-05 04:00:00-06:00,0.75,29.89
2015-01-05 05:00:00-06:00,0.77,29.17
2015-01-05 06:00:00-06:00,0.76,29.55
2015-01-05 07:00:00-06:00,0.79,28.1
2015-01-05 08:00:00-06:00,0.78,28.69
2015-01-05 09:00:00-06:00,0.7,31.97
2015-01-05 10:00:00-06:00,0.62,35.15
2015-01-05 11:00:00-06:00,0.55,37.97
2015-01-05 12:00:00-06:00,0.48,41.25
2015-01-05 13:00:00-06:00,0.44,45.16
2015-01-05 14:00:00-06:00,0.41,47.34
2015-01-05 15:00:00-06:00,0.39,49.14
2015-01-05 16:00:00-06:00,0.41,49.02
2015-01-05 17:00:00-06:00,0.42,48.47
2015-01-05 18:00:00-06:00,0.53,44.63
2015-01-05 19:00:00-06:00,0.65,39.93
2015-01-05 20:00:00-06:00,0.67,38.61
2015-01-05 21:00:00-06:00,0.69,37.57
2015-01-05 22:00:00-06:00,0.7,37.72
2015-01-05 23:00:00-06:00,0.71,37.3
2015-01-06 00:00:00-06:00,0.73,36.98
2015-01-06 01:00:00-06:00,0.76,35.89
2015-01-06 02:00:00-06:00,0.74,36.44
2015-01-06 03:00:00-06:00,0.74,36.85
2015-01-06 04:00:00-06:00,0.78,35.72
2015-01-06 05:00:00-06:00,0.83,34.79
2015-01-06 06:00:00-06:00,0.81,35.48
2015-01-06 07:00:00-06:00,0.79,36.38
2015-01-06 08:00:00-06:00,0.78,36.6
2015-01-06 09:00:00-06:00,0.7,42.08
2015-01-06 10:00:00-06:00,0.54,49.67
2015-01-06 11:00:00-06:00,0.43,55.59
2015-01-06 12:00:00-06:00,0.35,60.43
2015-01-06 13:00:00-06:00,0.29,64.28
2015-01-06 14:00:00-06:00,0.26,66.27
2015-01-06 15:00:00-06:00,0.26,67.5
2015-01-06 16:00:00-06:00,0.29,66.49
2015-01-06 17:00:00-06:00,0.34,63.49
2015-01-06 18:00:00-06:00,0.41,58.06
2015-01-06 19:00:00-06:00,0.53,52.69
2015-01-06 20:00:00-06:00,0.58,50.75
2015-01-06 21:00:00-06:00,0.63,48.23
2015-01-06 22:00:00-06:00,0.68,46.79
2015-01-06 23:00:00-06:00,0.7,45.88
2015-01-07 00:00:00-06:00,0.71,46.93
2015-01-07 01:00:00-06:00,0.78,45.33
2015-01-07 02:00:00-06:00,0.77,44.51
2015-01-07 03:00:00-06:00,0.8,43.92
2015-01-07 04:00:00-06:00,0.78,44.37
2015-01-07 05:00:00-06:00,0.8,43.67
2015-01-07 06:00:00-06:00,0.8,43.19
2015-01-07 07:00:00-06:00,0.77,43.89
2015-01-07 08:00:00-06:00,0.75,44.1
2015-01-07 09:00:00-06:00,0.65,46.4
2015-01-07 10:00:00-06:00,0.58,47.95
2015-01-07 11:00:00-06:00,0.56,48.25
2015-01-07 12:00:00-06:00,0.5,48.84
2015-01-07 13:00:00-06:00,0.5,48.01
2015-01-07 14:00:00-06:00,0.48,49.23
2015-01-07 15:00:00-06:00,0.46,49.88
2015-01-07 16:00:00-06:00,0.46,47.52
2015-01-07 17:00:00-06:00,0.48,43.44
2015-01-07 18:00:00-06:00,0.47,41.14
2015-01-07 19:00:00-06:00,0.44,38.74
2015-01-07 20:00:00-06:00,0.39,37.36
2015-01-07 21:00:00-06:00,0.38,34.84
2015-01-07 22:00:00-06:00,0.36,33.55
2015-01-07 23:00:00-06:00,0.38,31.36
2015-01-08 00:00:00-06:00,0.42,29.95
2015-01-08 01:00:00-06:00,0.45,28.55
2015-01-08 02:00:00-06:00,0.44,27.44
2015-01-08 03:00:00-06:00,0.45,25.97
2015-01-08 04:00:00-06:00,0.5,24.74
2015-01-08 05:00:00-06:00,0.52,23.97
2015-01-08 06:00:00-06:00,0.51,23.48
2015-01-08 07:00:00-06:00,0.53,22.34
2015-01-08 08:00:00-06:00,0.51,23.57
2015-01-08 09:00:00-06:00,0.45,26.26
2015-01-08 10:00:00-06:00,0.45,27.1
2015-01-08 11:00:00-06:00,0.43,28.51
2015-01-08 12:00:00-06:00,0.43,29.73
2015-01-08 13:00:00-06:00,0.44,30.51
2015-01-08 14:00:00-06:00,0.43,33.07
2015-01-08 15:00:00-06:00,0.44,33.83
2015-01-08 16:00:00-06:00,0.48,34.43
2015-01-08 17:00:00-06:00,0.52,34.42
2015-01-08 18:00:00-06:00,0.54,33.83
2015-01-08 19:00:00-06:00,0.56,34.15
2015-01-08 20:00:00-06:00,0.57,34.63
2015-01-08 21:00:00-06:00,0.57,34.94
2015-01-08 22:00:00-06:00,0.58,36.17
2015-01-08 23:00:00-06:00,0.58,36.57
2015-01-09 00:00:00-06:00,0.61,36.57
2015-01-09 01:00:00-06:00,0.6,37.31
2015-01-09 02:00:00-06:00,0.61,37.78
2015-01-09 03:00:00-06:00,0.61,37.97
2015-01-09 04:00:00-06:00,0.66,37.82
2015-01-09 05:00:00-06:00,0.71,37.44
2015-01-09 06:00:00-06:00,0.72,37.44
2015-01-09 07:00:00-06:00,0.81,36.48
2015-01-09 08:00:00-06:00,0.93,34.97
2015-01-09 09:00:00-06:00,0.9,36.08
2015-01-09 10:00:00-06:00,0.83,36.78
2015-01-09 11:00:00-06:00,0.78,36.78
2015-01-09 12:00:00-06:00,0.8,36.48
2015-01-09 13:00:00-06:00,0.75,36.88
2015-01-09 14:00:00-06:00,0.72,36.67
2015-01-09 15:00:00-06:00,0.72,36.29
2015-01-09 16:00:00-06:00,0.7,36.29
2015-01-09 17:00:00-06:00,0.69,36.59
2015-01-09 18:00:00-06:00,0.7,36.19
2015-01-09 19:00:00-06:00,0.73,35.37
2015-01-09 20:00:00-06:00,0.8,34.23
2015-01-09 21:00:00-06:00,0.76,34.97
2015-01-09 22:00:00-06:00,0.73,35.49
2015-01-09 23:00:00-06:00,0.66,35.89
2015-01-10 00:00:00-06:00,0.6,36.19
2015-01-10 01:00:00-06:00,0.58,36.4
2015-01-10 02:00:00-06:00,0.57,36.59
2015-01-10 03:00:00-06:00,0.61,36.38
2015-01-10 04:00:00-06:00,0.65,35.49
2015-01-10 05:00:00-06:00,0.7,34.05
2015-01-10 06:00:00-06:00,0.7,33.83
2015-01-10 07:00:00-06:00,0.74,33.83
2015-01-10 08:00:00-06:00,0.72,33.62
2015-01-10 09:00:00-06:00,0.77,33.83
2015-01-10 10:00:00-06:00,0.83,33.44
2015-01-10 11:00:00-06:00,0.87,33.95
2015-01-10 12:00:00-06:00,0.88,34.14
2015-01-10 13:00:00-06:00,0.91,35.08
2015-01-10 14:00:00-06:00,0.95,34.57
2015-01-10 15:00:00-06:00,0.95,34.97
2015-01-10 16:00:00-06:00,0.95,35.27
2015-01-10 17:00:00-06:00,0.95,35.06
2015-01-10 18:00:00-06:00,0.96,34.87
2015-01-10 19:00:00-06:00,0.96,34.57
2015-01-10 20:00:00-06:00,0.96,34.78
2015-01-10 21:00:00-06:00,0.99,34.97
2015-01-10 22:00:00-06:00,0.99,34.97
2015-01-10 23:00:00-06:00,0.99,34.97
2015-01-11 00:00:00-06:00,0.99,34.97
2015-01-11 01:00:00-06:00,0.99,34.97
2015-01-11 02:00:00-06:00,0.96,35.49
2015-01-11 03:00:00-06:00,0.96,35.49
2015-01-11 04:00:00-06:00,0.96,35.89
2015-01-11 05:00:00-06:00,0.99,35.89
2015-01-11 06:00:00-06:00,0.98,36.08
2015-01-11 07:00:00-06:00,0.98,36.08
2015-01-11 08:00:00-06:00,0.99,36.59
2015-01-11 09:00:00-06:00,0.98,37.22
2015-01-11 10:00:00-06:00,0.99,38.36
2015-01-11 11:00:00-06:00,0.96,39.66
2015-01-11 12:00:00-06:00,0.94,40.55
2015-01-11 13:00:00-06:00,0.91,42.77
2015-01-11 14:00:00-06:00,0.88,44.79
2015-01-11 15:00:00-06:00,0.87,46.15
2015-01-11 16:00:00-06:00,0.87,46.53
2015-01-11 17:00:00-06:00,0.88,46.74
2015-01-11 18:00:00-06:00,0.92,46.16
2015-01-11 19:00:00-06:00,0.93,46.16
2015-01-11 20:00:00-06:00,0.94,46.16
2015-01-11 21:00:00-06:00,0.94,46.34
2015-01-11 22:00:00-06:00,0.92,46.11
2015-01-11 23:00:00-06:00,0.93,45.97
2015-01-12 00:00:00-06:00,0.95,45.36
2015-01-12 01:00:00-06:00,0.97,45.18
2015-01-12 02:00:00-06:00,0.98,44.89
2015-01-12 03:00:00-06:00,0.99,44.79
2015-01-12 04:00:00-06:00,0.99,44.79
2015-01-12 05:00:00-06:00,1.0,44.09
2015-01-12 06:00:00-06:00,1.0,43.78
2015-01-12 07:00:00-06:00,1.0,43.57
2015-01-12 08:00:00-06:00,1.0,43.38
2015-01-12 09:00:00-06:00,1.0,44.49
2015-01-12 10:00:00-06:00,0.98,43.88
2015-01-12 11:00:00-06:00,0.98,43.45
2015-01-12 12:00:00-06:00,0.96,43.57
2015-01-12 13:00:00-06:00,0.92,43.78
2015-01-12 14:00:00-06:00,0.89,44.08
2015-01-12 15:00:00-06:00,0.87,44.08
2015-01-12 16:00:00-06:00,0.8,44.06
2015-01-12 17:00:00-06:00,0.78,43.97
2015-01-12 18:00:00-06:00,0.81,43.04
2015-01-12 19:00:00-06:00,0.8,42.85
2015-01-12 20:00:00-06:00,0.8,43.38
2015-01-12 21:00:00-06:00,0.81,42.85
2015-01-12 22:00:00-06:00,0.83,42.56
2015-01-12 23:00:00-06:00,0.86,41.33
2015-01-13 00:00:00-06:00,0.9,39.85
2015-01-13 01:00:00-06:00,0.9,39.45
2015-01-13 02:00:00-06:00,0.91,38.53
2015-01-13 03:00:00-06:00,0.91,37.78
2015-01-13 04:00:00-06:00,0.92,37.12
2015-01-13 05:00:00-06:00,0.92,36.93
2015-01-13 06:00:00-06:00,0.88,36.58
2015-01-13 07:00:00-06:00,0.89,36.39
2015-01-13 08:00:00-06:00,0.87,36.39
2015-01-13 09:00:00-06:00,0.86,36.97
2015-01-13 10:00:00-06:00,0.87,37.12
2015-01-13 11:00:00-06:00,0.83,38.27
2015-01-13 12:00:00-06:00,0.82,38.86
2015-01-13 13:00:00-06:00,0.8,39.76
2015-01-13 14:00:00-06:00,0.79,39.97
2015-01-13 15:00:00-06:00,0.78,40.37
2015-01-13 16:00:00-06:00,0.77,41.08
2015-01-13 17:00:00-06:00,0.79,40.77
2015-01-13 18:00:00-06:00,0.79,40.55
2015-01-13 19:00:00-06:00,0.84,40.18
2015-01-13 20:00:00-06:00,0.82,40.18
2015-01-13 21:00:00-06:00,0.85,39.97
2015-01-13 22:00:00-06:00,0.86,39.59
2015-01-13 23:00:00-06:00,0.86,39.04
2015-01-14 00:00:00-06:00,0.88,38.74
2015-01-14 01:00:00-06:00,0.89,38.55
2015-01-14 02:00:00-06:00,0.88,38.37
2015-01-14 03:00:00-06:00,0.88,38.55
2015-01-14 04:00:00-06:00,0.9,38.46
2015-01-14 05:00:00-06:00,0.91,38.46
2015-01-14 06:00:00-06:00,0.91,38.46
2015-01-14 07:00:00-06:00,0.87,38.86
2015-01-14 08:00:00-06:00,0.86,39.04
2015-01-14 09:00:00-06:00,0.85,39.04
2015-01-14 10:00:00-06:00,0.82,39.76
2015-01-14 11:00:00-06:00,0.85,39.97
2015-01-14 12:00:00-06:00,0.84,40.27
2015-01-14 13:00:00-06:00,0.87,39.56
2015-01-14 14:00:00-06:00,0.89,40.08
2015-01-14 15:00:00-06:00,0.88,40.57
2015-01-14 16:00:00-06:00,0.89,40.35
2015-01-14 17:00:00-06:00,0.88,40.38
2015-01-14 18:00:00-06:00,0.93,39.56
2015-01-14 19:00:00-06:00,0.94,39.78
2015-01-14 20:00:00-06:00,0.96,39.78
2015-01-14 21:00:00-06:00,0.96,39.78
2015-01-14 22:00:00-06:00,0.96,39.78
2015-01-14 23:00:00-06:00,0.96,39.04
2015-01-15 00:00:00-06:00,0.96,38.16
2015-01-15 01:00:00-06:00,0.96,38.37
2015-01-15 02:00:00-06:00,0.94,38.37
2015-01-15 03:00:00-06:00,0.94,37.97
2015-01-15 04:00:00-06:00,0.92,38.37
2015-01-15 05:00:00-06:00,0.91,37.97
2015-01-15 06:00:00-06:00,0.91,37.97
2015-01-15 07:00:00-06:00,0.88,38.18
2015-01-15 08:00:00-06:00,0.86,38.18
2015-01-15 09:00:00-06:00,0.83,39.64
2015-01-15 10:00:00-06:00,0.71,43.59
2015-01-15 11:00:00-06:00,0.63,47.51
2015-01-15 12:00:00-06:00,0.56,50.1
2015-01-15 13:00:00-06:00,0.52,52.77
2015-01-15 14:00:00-06:00,0.48,54.94
2015-01-15 15:00:00-06:00,0.49,55.53
2015-01-15 16:00:00-06:00,0.49,55.71
2015-01-15 17:00:00-06:00,0.52,54.83
2015-01-15 18:00:00-06:00,0.6,51.51
2015-01-15 19:00:00-06:00,0.7,46.57
2015-01-15 20:00:00-06:00,0.77,43.78
2015-01-15 21:00:00-06:00,0.83,41.57
2015-01-15 22:00:00-06:00,0.86,39.98
2015-01-15 23:00:00-06:00,0.88,39.25
2015-01-16 00:00:00-06:00,0.89,38.9
2015-01-16 01:00:00-06:00,0.91,36.56
2015-01-16 02:00:00-06:00,0.93,35.46
2015-01-16 03:00:00-06:00,0.93,35.08
2015-01-16 04:00:00-06:00,0.94,35.39
2015-01-16 05:00:00-06:00,0.94,33.86
2015-01-16 06:00:00-06:00,0.89,35.83
2015-01-16 07:00:00-06:00,0.95,33.2
2015-01-16 08:00:00-06:00,0.94,34.38
2015-01-16 09:00:00-06:00,0.85,42.34
2015-01-16 10:00:00-06:00,0.74,48.75
2015-01-16 11:00:00-06:00,0.57,53.91
2015-01-16 12:00:00-06:00,0.5,57.08
2015-01-16 13:00:00-06:00,0.42,60.18
2015-01-16 14:00:00-06:00,0.39,61.5
2015-01-16 15:00:00-06:00,0.38,62.88
2015-01-16 16:00:00-06:00,0.39,62.69
2015-01-16 17:00:00-06:00,0.43,60.26
2015-01-16 18:00:00-06:00,0.52,55.17
2015-01-16 19:00:00-06:00,0.62,50.59
2015-01-16 20:00:00-06:00,0.65,48.93
2015-01-16 21:00:00-06:00,0.73,46.45
2015-01-16 22:00:00-06:00,0.73,46.04
2015-01-16 23:00:00-06:00,0.74,46.83
2015-01-17 00:00:00-06:00,0.74,47.36
2015-01-17 01:00:00-06:00,0.75,47.29
2015-01-17 02:00:00-06:00,0.78,45.72
2015-01-17 03:00:00-06:00,0.84,43.24
2015-01-17 04:00:00-06:00,0.87,41.8
2015-01-17 05:00:00-06:00,0.91,40.63
2015-01-17 06:00:00-06:00,0.92,39.21
2015-01-17 07:00:00-06:00,0.92,38.51
2015-01-17 08:00:00-06:00,0.91,40.25
2015-01-17 09:00:00-06:00,0.77,47.41
2015-01-17 10:00:00-06:00,0.66,53.17
2015-01-17 11:00:00-06:00,0.58,58.48
2015-01-17 12:00:00-06:00,0.51,63.55
2015-01-17 13:00:00-06:00,0.48,65.54
2015-01-17 14:00:00-06:00,0.47,66.24
2015-01-17 15:00:00-06:00,0.46,67.43
2015-01-17 16:00:00-06:00,0.43,68.05
2015-01-17 17:00:00-06:00,0.46,66.29
2015-01-17 18:00:00-06:00,0.53,62.33
2015-01-17 19:00:00-06:00,0.54,58.67
2015-01-17 20:00:00-06:00,0.5,58.49
2015-01-17 21:00:00-06:00,0.49,57.23
2015-01-17 22:00:00-06:00,0.46,56.05
2015-01-17 23:00:00-06:00,0.45,56.54
2015-01-18 00:00:00-06:00,0.47,55.1
2015-01-18 01:00:00-06:00,0.52,52.31
2015-01-18 02:00:00-06:00,0.51,51.82
2015-01-18 03:00:00-06:00,0.57,48.62
2015-01-18 04:00:00-06:00,0.56,48.3
2015-01-18 05:00:00-06:00,0.62,45.7
2015-01-18 06:00:00-06:00,0.62,45.42
2015-01-18 07:00:00-06:00,0.71,42.0
2015-01-18 08:00:00-06:00,0.7,42.18
2015-01-18 09:00:00-06:00,0.53,51.59
2015-01-18 10:00:00-06:00,0.41,57.56
2015-01-18 11:00:00-06:00,0.35,62.2
2015-01-18 12:00:00-06:00,0.28,64.78
2015-01-18 13:00:00-06:00,0.24,67.7
2015-01-18 14:00:00-06:00,0.22,68.95
2015-01-18 15:00:00-06:00,0.21,70.19
2015-01-18 16:00:00-06:00,0.23,69.07
2015-01-18 17:00:00-06:00,0.27,65.91
2015-01-18 18:00:00-06:00,0.35,58.57
2015-01-18 19:00:00-06:00,0.42,54.29
2015-01-18 20:00:00-06:00,0.45,51.44
2015-01-18 21:00:00-06:00,0.52,47.69
2015-01-18 22:00:00-06:00,0.57,46.29
2015-01-18 23:00:00-06:00,0.6,44.95
2015-01-19 00:00:00-06:00,0.54,47.54
2015-01-19 01:00:00-06:00,0.63,42.83
2015-01-19 02:00:00-06:00,0.72,40.4
2015-01-19 03:00:00-06:00,0.74,40.43
2015-01-19 04:00:00-06:00,0.78,38.72
2015-01-19 05:00:00-06:00,0.83,36.45
2015-01-19 06:00:00-06:00,0.81,38.85
2015-01-19 07:00:00-06:00,0.86,36.42
2015-01-19 08:00:00-06:00,0.87,39.61
2015-01-19 09:00:00-06:00,0.78,50.13
2015-01-19 10:00:00-06:00,0.7,57.33
2015-01-19 11:00:00-06:00,0.61,62.65
2015-01-19 12:00:00-06:00,0.47,66.48
2015-01-19 13:00:00-06:00,0.42,68.81
2015-01-19 14:00:00-06:00,0.4,71.63
2015-01-19 15:00:00-06:00,0.38,72.44
2015-01-19 16:00:00-06:00,0.37,72.25
2015-01-19 17:00:00-06:00,0.42,69.03
2015-01-19 18:00:00-06:00,0.51,64.85
2015-01-19 19:00:00-06:00,0.6,59.15
2015-01-19 20:00:00-06:00,0.66,56.85
2015-01-19 21:00:00-06:00,0.74,54.02
2015-01-19 22:00:00-06:00,0.77,52.8
2015-01-19 23:00:00-06:00,0.82,51.17
2015-01-20 00:00:00-06:00,0.84,51.71
2015-01-20 01:00:00-06:00,0.88,48.6
2015-01-20 02:00:00-06:00,0.91,47.4
2015-01-20 03:00:00-06:00,0.93,48.07
2015-01-20 04:00:00-06:00,0.95,45.99
2015-01-20 05:00:00-06:00,0.94,45.45
2015-01-20 06:00:00-06:00,0.95,45.66
2015-01-20 07:00:00-06:00,0.97,44.51
2015-01-20 08:00:00-06:00,0.97,44.94
2015-01-20 09:00:00-06:00,0.93,49.76
2015-01-20 10:00:00-06:00,0.76,55.47
2015-01-20 11:00:00-06:00,0.61,60.87
2015-01-20 12:00:00-06:00,0.47,67.16
2015-01-20 13:00:00-06:00,0.41,71.07
2015-01-20 14:00:00-06:00,0.36,74.13
2015-01-20 15:00:00-06:00,0.35,76.12
2015-01-20 16:00:00-06:00,0.34,77.6
2015-01-20 17:00:00-06:00,0.39,75.43
2015-01-20 18:00:00-06:00,0.48,69.61
2015-01-20 19:00:00-06:00,0.55,65.03
2015-01-20 20:00:00-06:00,0.63,62.3
2015-01-20 21:00:00-06:00,0.72,60.2
2015-01-20 22:00:00-06:00,0.8,57.62
2015-01-20 23:00:00-06:00,0.84,55.69
2015-01-21 00:00:00-06:00,0.86,54.92
2015-01-21 01:00:00-06:00,0.89,53.53
2015-01-21 02:00:00-06:00,0.94,52.27
2015-01-21 03:00:00-06:00,0.9,51.62
2015-01-21 04:00:00-06:00,0.89,50.7
2015-01-21 05:00:00-06:00,0.86,49.56
2015-01-21 06:00:00-06:00,0.81,49.79
2015-01-21 07:00:00-06:00,0.86,49.87
2015-01-21 08:00:00-06:00,0.9,50.51
2015-01-21 09:00:00-06:00,0.94,51.19
2015-01-21 10:00:00-06:00,0.95,53.04
2015-01-21 11:00:00-06:00,0.94,54.39
2015-01-21 12:00:00-06:00,0.94,55.5
2015-01-21 13:00:00-06:00,0.92,57.31
2015-01-21 14:00:00-06:00,0.94,56.75
2015-01-21 15:00:00-06:00,0.94,57.09
2015-01-21 16:00:00-06:00,0.94,57.31
2015-01-21 17:00:00-06:00,0.96,56.67
2015-01-21 18:00:00-06:00,0.94,55.76
2015-01-21 19:00:00-06:00,0.95,55.48
2015-01-21 20:00:00-06:00,0.97,55.54
2015-01-21 21:00:00-06:00,0.96,55.03
2015-01-21 22:00:00-06:00,0.93,54.84
2015-01-21 23:00:00-06:00,0.94,53.91
2015-01-22 00:00:00-06:00,0.95,52.64
2015-01-22 01:00:00-06:00,0.98,51.42
2015-01-22 02:00:00-06:00,0.99,50.84
2015-01-22 03:00:00-06:00,0.99,51.05
2015-01-22 04:00:00-06:00,0.99,50.13
2015-01-22 05:00:00-06:00,0.98,49.91
2015-01-22 06:00:00-06:00,0.99,49.32
2015-01-22 07:00:00-06:00,0.99,47.94
2015-01-22 08:00:00-06:00,0.99,47.34
2015-01-22 09:00:00-06:00,0.97,46.68
2015-01-22 10:00:00-06:00,0.99,46.16
2015-01-22 11:00:00-06:00,0.99,45.97
2015-01-22 12:00:00-06:00,0.98,45.97
2015-01-22 13:00:00-06:00,0.99,45.78
2015-01-22 14:00:00-06:00,0.95,45.0
2015-01-22 15:00:00-06:00,0.96,45.05
2015-01-22 16:00:00-06:00,0.96,43.82
2015-01-22 17:00:00-06:00,0.95,42.93
2015-01-22 18:00:00-06:00,0.92,42.34
2015-01-22 19:00:00-06:00,0.91,42.16
2015-01-22 20:00:00-06:00,0.91,42.16
2015-01-22 21:00:00-06:00,0.9,42.16
2015-01-22 22:00:00-06:00,0.91,41.97
2015-01-22 23:00:00-06:00,0.94,41.29
2015-01-23 00:00:00-06:00,0.92,41.27
2015-01-23 01:00:00-06:00,0.89,41.67
2015-01-23 02:00:00-06:00,0.89,41.67
2015-01-23 03:00:00-06:00,0.9,41.48
2015-01-23 04:00:00-06:00,0.94,41.1
2015-01-23 05:00:00-06:00,0.96,41.08
2015-01-23 06:00:00-06:00,0.94,40.55
2015-01-23 07:00:00-06:00,0.95,40.55
2015-01-23 08:00:00-06:00,0.96,39.78
2015-01-23 09:00:00-06:00,0.94,39.39
2015-01-23 10:00:00-06:00,0.95,39.57
2015-01-23 11:00:00-06:00,0.92,39.78
2015-01-23 12:00:00-06:00,0.92,39.79
2015-01-23 13:00:00-06:00,0.92,40.66
2015-01-23 14:00:00-06:00,0.88,43.22
2015-01-23 15:00:00-06:00,0.86,44.77
2015-01-23 16:00:00-06:00,0.75,47.29
2015-01-23 17:00:00-06:00,0.7,47.93
2015-01-23 18:00:00-06:00,0.77,45.57
2015-01-23 19:00:00-06:00,0.82,42.61
2015-01-23 20:00:00-06:00,0.85,40.98
2015-01-23 21:00:00-06:00,0.87,40.21
2015-01-23 22:00:00-06:00,0.91,38.67
2015-01-23 23:00:00-06:00,0.9,38.14
2015-01-24 00:00:00-06:00,0.87,38.38
2015-01-24 01:00:00-06:00,0.92,36.67
2015-01-24 02:00:00-06:00,0.92,35.74
2015-01-24 03:00:00-06:00,0.9,35.37
2015-01-24 04:00:00-06:00,0.94,34.69
2015-01-24 05:00:00-06:00,0.94,34.89
2015-01-24 06:00:00-06:00,0.92,35.29
2015-01-24 07:00:00-06:00,0.96,32.52
2015-01-24 08:00:00-06:00,0.93,34.47
2015-01-24 09:00:00-06:00,0.83,41.03
2015-01-24 10:00:00-06:00,0.67,46.02
2015-01-24 11:00:00-06:00,0.56,50.01
2015-01-24 12:00:00-06:00,0.49,53.75
2015-01-24 13:00:00-06:00,0.45,56.92
2015-01-24 14:00:00-06:00,0.39,59.07
2015-01-24 15:00:00-06:00,0.38,59.48
2015-01-24 16:00:00-06:00,0.34,61.29
2015-01-24 17:00:00-06:00,0.43,57.82
2015-01-24 18:00:00-06:00,0.58,53.34
2015-01-24 19:00:00-06:00,0.61,50.64
2015-01-24 20:00:00-06:00,0.63,49.8
2015-01-24 21:00:00-06:00,0.66,48.79
2015-01-24 22:00:00-06:00,0.69,47.24
2015-01-24 23:00:00-06:00,0.71,46.18
2015-01-25 00:00:00-06:00,0.73,45.48
2015-01-25 01:00:00-06:00,0.78,43.14
2015-01-25 02:00:00-06:00,0.74,44.74
2015-01-25 03:00:00-06:00,0.75,43.81
2015-01-25 04:00:00-06:00,0.78,42.36
2015-01-25 05:00:00-06:00,0.82,41.18
2015-01-25 06:00:00-06:00,0.84,40.49
2015-01-25 07:00:00-06:00,0.87,38.67
2015-01-25 08:00:00-06:00,0.78,42.51
2015-01-25 09:00:00-06:00,0.59,51.48
2015-01-25 10:00:00-06:00,0.5,57.13
2015-01-25 11:00:00-06:00,0.45,61.89
2015-01-25 12:00:00-06:00,0.41,65.23
2015-01-25 13:00:00-06:00,0.37,67.42
2015-01-25 14:00:00-06:00,0.31,69.61
2015-01-25 15:00:00-06:00,0.25,70.49
2015-01-25 16:00:00-06:00,0.26,68.96
2015-01-25 17:00:00-06:00,0.27,66.46
2015-01-25 18:00:00-06:00,0.32,61.92
2015-01-25 19:00:00-06:00,0.34,59.85
2015-01-25 20:00:00-06:00,0.38,56.88
2015-01-25 21:00:00-06:00,0.42,54.0
2015-01-25 22:00:00-06:00,0.47,51.93
2015-01-25 23:00:00-06:00,0.51,50.32
2015-01-26 00:00:00-06:00,0.41,54.01
2015-01-26 01:00:00-06:00,0.48,51.36
2015-01-26 02:00:00-06:00,0.54,48.27
2015-01-26 03:00:00-06:00,0.56,47.41
2015-01-26 04:00:00-06:00,0.59,46.12
2015-01-26 05:00:00-06:00,0.64,44.01
2015-01-26 06:00:00-06:00,0.64,44.36
2015-01-26 07:00:00-06:00,0.75,40.49
2015-01-26 08:00:00-06:00,0.73,43.51
2015-01-26 09:00:00-06:00,0.58,50.6
2015-01-26 10:00:00-06:00,0.47,55.97
2015-01-26 11:00:00-06:00,0.37,61.66
2015-01-26 12:00:00-06:00,0.34,65.55
2015-01-26 13:00:00-06:00,0.31,69.15
2015-01-26 14:00:00-06:00,0.28,71.22
2015-01-26 15:00:00-06:00,0.25,72.36
2015-01-26 16:00:00-06:00,0.28,71.44
2015-01-26 17:00:00-06:00,0.33,68.69
2015-01-26 18:00:00-06:00,0.42,63.78
2015-01-26 19:00:00-06:00,0.51,59.07
2015-01-26 20:00:00-06:00,0.57,56.92
2015-01-26 21:00:00-06:00,0.62,55.6
2015-01-26 22:00:00-06:00,0.6,55.33
2015-01-26 23:00:00-06:00,0.6,54.61
2015-01-27 00:00:00-06:00,0.61,53.43
2015-01-27 01:00:00-06:00,0.63,51.69
2015-01-27 02:00:00-06:00,0.67,49.12
2015-01-27 03:00:00-06:00,0.61,50.13
2015-01-27 04:00:00-06:00,0.67,48.08
2015-01-27 05:00:00-06:00,0.68,47.38
2015-01-27 06:00:00-06:00,0.6,50.45
2015-01-27 07:00:00-06:00,0.65,48.58
2015-01-27 08:00:00-06:00,0.64,50.26
2015-01-27 09:00:00-06:00,0.48,58.78
2015-01-27 10:00:00-06:00,0.39,64.25
2015-01-27 11:00:00-06:00,0.36,68.02
2015-01-27 12:00:00-06:00,0.33,71.47
2015-01-27 13:00:00-06:00,0.31,74.52
2015-01-27 14:00:00-06:00,0.28,77.55
2015-01-27 15:00:00-06:00,0.27,78.66
2015-01-27 16:00:00-06:00,0.26,79.05
2015-01-27 17:00:00-06:00,0.31,76.54
2015-01-27 18:00:00-06:00,0.4,70.85
2015-01-27 19:00:00-06:00,0.53,63.03
2015-01-27 20:00:00-06:00,0.6,59.16
2015-01-27 21:00:00-06:00,0.62,57.21
2015-01-27 22:00:00-06:00,0.68,55.24
2015-01-27 23:00:00-06:00,0.69,54.07
2015-01-28 00:00:00-06:00,0.69,54.22
2015-01-28 01:00:00-06:00,0.78,50.23
2015-01-28 02:00:00-06:00,0.81,48.25
2015-01-28 03:00:00-06:00,0.82,47.25
2015-01-28 04:00:00-06:00,0.87,45.92
2015-01-28 05:00:00-06:00,0.89,44.31
2015-01-28 06:00:00-06:00,0.89,45.07
2015-01-28 07:00:00-06:00,0.89,43.88
2015-01-28 08:00:00-06:00,0.88,46.31
2015-01-28 09:00:00-06:00,0.72,54.75
2015-01-28 10:00:00-06:00,0.52,63.38
2015-01-28 11:00:00-06:00,0.37,71.96
2015-01-28 12:00:00-06:00,0.31,76.8
2015-01-28 13:00:00-06:00,0.26,78.67
2015-01-28 14:00:00-06:00,0.26,78.85
2015-01-28 15:00:00-06:00,0.25,79.41
2015-01-28 16:00:00-06:00,0.26,78.21
2015-01-28 17:00:00-06:00,0.28,76.39
2015-01-28 18:00:00-06:00,0.33,71.5
2015-01-28 19:00:00-06:00,0.44,65.34
2015-01-28 20:00:00-06:00,0.49,63.31
2015-01-28 21:00:00-06:00,0.55,62.34
2015-01-28 22:00:00-06:00,0.67,58.65
2015-01-28 23:00:00-06:00,0.75,58.28
2015-01-29 00:00:00-06:00,0.81,57.73
2015-01-29 01:00:00-06:00,0.89,54.91
2015-01-29 02:00:00-06:00,0.94,55.62
2015-01-29 03:00:00-06:00,0.95,54.77
2015-01-29 04:00:00-06:00,0.98,53.42
2015-01-29 05:00:00-06:00,0.98,54.18
2015-01-29 06:00:00-06:00,0.98,56.37
2015-01-29 07:00:00-06:00,0.99,56.23
2015-01-29 08:00:00-06:00,0.99,57.14
2015-01-29 09:00:00-06:00,0.97,59.32
2015-01-29 10:00:00-06:00,0.85,63.16
2015-01-29 11:00:00-06:00,0.75,66.01
2015-01-29 12:00:00-06:00,0.61,69.73
2015-01-29 13:00:00-06:00,0.55,72.02
2015-01-29 14:00:00-06:00,0.47,74.14
2015-01-29 15:00:00-06:00,0.47,74.87
2015-01-29 16:00:00-06:00,0.45,74.53
2015-01-29 17:00:00-06:00,0.48,71.66
2015-01-29 18:00:00-06:00,0.53,66.48
2015-01-29 19:00:00-06:00,0.53,64.53
2015-01-29 20:00:00-06:00,0.49,64.3
2015-01-29 21:00:00-06:00,0.48,62.32
2015-01-29 22:00:00-06:00,0.46,61.07
2015-01-29 23:00:00-06:00,0.46,58.92
2015-01-30 00:00:00-06:00,0.45,56.99
2015-01-30 01:00:00-06:00,0.48,55.44
2015-01-30 02:00:00-06:00,0.49,53.55
2015-01-30 03:00:00-06:00,0.51,51.84
2015-01-30 04:00:00-06:00,0.54,50.14
2015-01-30 05:00:00-06:00,0.55,49.55
2015-01-30 06:00:00-06:00,0.58,48.14
2015-01-30 07:00:00-06:00,0.6,47.55
2015-01-30 08:00:00-06:00,0.6,47.55
2015-01-30 09:00:00-06:00,0.61,47.55
2015-01-30 10:00:00-06:00,0.59,48.78
2015-01-30 11:00:00-06:00,0.57,50.68
2015-01-30 12:00:00-06:00,0.54,52.68
2015-01-30 13:00:00-06:00,0.52,55.05
2015-01-30 14:00:00-06:00,0.51,56.27
2015-01-30 15:00:00-06:00,0.49,56.97
2015-01-30 16:00:00-06:00,0.49,57.37
2015-01-30 17:00:00-06:00,0.49,55.98
2015-01-30 18:00:00-06:00,0.53,54.78
2015-01-30 19:00:00-06:00,0.61,52.63
2015-01-30 20:00:00-06:00,0.65,51.33
2015-01-30 21:00:00-06:00,0.65,50.82
2015-01-30 22:00:00-06:00,0.66,50.47
2015-01-30 23:00:00-06:00,0.68,49.0
2015-01-31 00:00:00-06:00,0.66,49.29
2015-01-31 01:00:00-06:00,0.72,47.58
2015-01-31 02:00:00-06:00,0.74,47.22
2015-01-31 03:00:00-06:00,0.73,47.56
2015-01-31 04:00:00-06:00,0.76,47.72
2015-01-31 05:00:00-06:00,0.78,47.76
2015-01-31 06:00:00-06:00,0.78,47.8
2015-01-31 07:00:00-06:00,0.76,47.8
2015-01-31 08:00:00-06:00,0.76,48.48
2015-01-31 09:00:00-06:00,0.78,48.67
2015-01-31 10:00:00-06:00,0.76,50.34
2015-01-31 11:00:00-06:00,0.81,52.67
2015-01-31 12:00:00-06:00,0.82,55.84
2015-01-31 13:00:00-06:00,0.79,58.49
2015-01-31 14:00:00-06:00,0.9,56.8
2015-01-31 15:00:00-06:00,0.93,57.24
2015-01-31 16:00:00-06:00,0.96,57.25
2015-01-31 17:00:00-06:00,0.98,57.74
2015-01-31 18:00:00-06:00,0.97,57.97
2015-01-31 19:00:00-06:00,0.97,59.9
2015-01-31 20:00:00-06:00,0.99,60.67
2015-01-31 21:00:00-06:00,0.99,61.4
2015-01-31 22:00:00-06:00,0.99,61.77
2015-01-31 23:00:00-06:00,0.99,60.63
2015-02-01 00:00:00-06:00,0.99,61.27
2015-02-01 01:00:00-06:00,0.99,61.97
2015-02-01 02:00:00-06:00,0.98,62.5
2015-02-01 03:00:00-06:00,0.98,62.5
2015-02-01 04:00:00-06:00,0.98,62.31
2015-02-01 05:00:00-06:00,0.99,61.57
2015-02-01 06:00:00-06:00,0.99,61.57
2015-02-01 07:00:00-06:00,0.99,61.38
2015-02-01 08:00:00-06:00,0.99,61.86
2015-02-01 09:00:00-06:00,0.95,63.69
2015-02-01 10:00:00-06:00,0.85,66.42
2015-02-01 11:00:00-06:00,0.75,69.34
2015-02-01 12:00:00-06:00,0.66,71.56
2015-02-01 13:00:00-06:00,0.61,71.28
2015-02-01 14:00:00-06:00,0.59,71.06
2015-02-01 15:00:00-06:00,0.61,69.22
2015-02-01 16:00:00-06:00,0.61,66.52
2015-02-01 17:00:00-06:00,0.65,61.05
2015-02-01 18:00:00-06:00,0.61,58.65
2015-02-01 19:00:00-06:00,0.58,55.96
2015-02-01 20:00:00-06:00,0.58,53.74
2015-02-01 21:00:00-06:00,0.57,50.33
2015-02-01 22:00:00-06:00,0.57,47.48
2015-02-01 23:00:00-06:00,0.59,45.94
2015-02-02 00:00:00-06:00,0.61,43.63
2015-02-02 01:00:00-06:00,0.6,42.53
2015-02-02 02:00:00-06:00,0.61,40.92
2015-02-02 03:00:00-06:00,0.6,39.33
2015-02-02 04:00:00-06:00,0.58,38.19
2015-02-02 05:00:00-06:00,0.57,36.67
2015-02-02 06:00:00-06:00,0.57,34.73
2015-02-02 07:00:00-06:00,0.6,33.53
2015-02-02 08:00:00-06:00,0.57,33.37
2015-02-02 09:00:00-06:00,0.53,34.48
2015-02-02 10:00:00-06:00,0.5,36.78
2015-02-02 11:00:00-06:00,0.47,38.76
2015-02-02 12:00:00-06:00,0.44,42.57
2015-02-02 13:00:00-06:00,0.42,44.33
2015-02-02 14:00:00-06:00,0.41,45.84
2015-02-02 15:00:00-06:00,0.41,46.73
2015-02-02 16:00:00-06:00,0.42,46.36
2015-02-02 17:00:00-06:00,0.44,45.84
2015-02-02 18:00:00-06:00,0.54,43.54
2015-02-02 19:00:00-06:00,0.59,42.43
2015-02-02 20:00:00-06:00,0.61,42.06
2015-02-02 21:00:00-06:00,0.64,41.32
2015-02-02 22:00:00-06:00,0.65,40.95
2015-02-02 23:00:00-06:00,0.65,40.74
2015-02-03 00:00:00-06:00,0.65,40.55
2015-02-03 01:00:00-06:00,0.71,40.04
2015-02-03 02:00:00-06:00,0.74,39.61
2015-02-03 03:00:00-06:00,0.74,39.82
2015-02-03 04:00:00-06:00,0.72,40.04
2015-02-03 05:00:00-06:00,0.71,40.04
2015-02-03 06:00:00-06:00,0.7,40.25
2015-02-03 07:00:00-06:00,0.72,40.25
2015-02-03 08:00:00-06:00,0.69,40.55
2015-02-03 09:00:00-06:00,0.65,41.97
2015-02-03 10:00:00-06:00,0.67,42.18
2015-02-03 11:00:00-06:00,0.74,42.48
2015-02-03 12:00:00-06:00,0.83,41.68
2015-02-03 13:00:00-06:00,0.91,41.19
2015-02-03 14:00:00-06:00,0.97,40.36
2015-02-03 15:00:00-06:00,0.98,40.55
2015-02-03 16:00:00-06:00,0.96,41.29
2015-02-03 17:00:00-06:00,0.95,41.98
2015-02-03 18:00:00-06:00,0.95,41.48
2015-02-03 19:00:00-06:00,0.97,41.48
2015-02-03 20:00:00-06:00,0.96,41.56
2015-02-03 21:00:00-06:00,0.95,41.67
2015-02-03 22:00:00-06:00,0.95,41.97
2015-02-03 23:00:00-06:00,0.95,41.97
2015-02-04 00:00:00-06:00,0.96,42.16
2015-02-04 01:00:00-06:00,0.98,42.16
2015-02-04 02:00:00-06:00,0.98,42.46
2015-02-04 03:00:00-06:00,0.99,42.34
2015-02-04 04:00:00-06:00,0.98,42.85
2015-02-04 05:00:00-06:00,0.98,42.85
2015-02-04 06:00:00-06:00,0.99,42.85
2015-02-04 07:00:00-06:00,0.98,43.78
2015-02-04 08:00:00-06:00,0.99,44.89
2015-02-04 09:00:00-06:00,0.98,45.92
2015-02-04 10:00:00-06:00,0.98,47.17
2015-02-04 11:00:00-06:00,0.98,48.87
2015-02-04 12:00:00-06:00,0.96,50.29
2015-02-04 13:00:00-06:00,0.88,52.81
2015-02-04 14:00:00-06:00,0.89,53.91
2015-02-04 15:00:00-06:00,0.85,54.37
2015-02-04 16:00:00-06:00,0.84,54.56
2015-02-04 17:00:00-06:00,0.84,54.56
2015-02-04 18:00:00-06:00,0.87,53.49
2015-02-04 19:00:00-06:00,0.87,53.49
2015-02-04 20:00:00-06:00,0.84,53.71
2015-02-04 21:00:00-06:00,0.87,53.49
2015-02-04 22:00:00-06:00,0.91,52.57
2015-02-04 23:00:00-06:00,0.95,50.78
2015-02-05 00:00:00-06:00,0.92,51.86
2015-02-05 01:00:00-06:00,0.93,52.38
2015-02-05 02:00:00-06:00,0.94,49.08
2015-02-05 03:00:00-06:00,0.9,46.21
2015-02-05 04:00:00-06:00,0.9,43.45
2015-02-05 05:00:00-06:00,0.89,42.38
2015-02-05 06:00:00-06:00,0.89,40.53
2015-02-05 07:00:00-06:00,0.86,39.89
2015-02-05 08:00:00-06:00,0.85,38.78
2015-02-05 09:00:00-06:00,0.85,38.37
2015-02-05 10:00:00-06:00,0.8,39.48
2015-02-05 11:00:00-06:00,0.76,40.38
2015-02-05 12:00:00-06:00,0.75,40.25
2015-02-05 13:00:00-06:00,0.72,40.96
2015-02-05 14:00:00-06:00,0.7,42.07
2015-02-05 15:00:00-06:00,0.69,42.6
2015-02-05 16:00:00-06:00,0.69,42.78
2015-02-05 17:00:00-06:00,0.7,42.69
2015-02-05 18:00:00-06:00,0.7,41.76
2015-02-05 19:00:00-06:00,0.73,41.24
2015-02-05 20:00:00-06:00,0.73,41.05
2015-02-05 21:00:00-06:00,0.75,40.31
2015-02-05 22:00:00-06:00,0.75,40.09
2015-02-05 23:00:00-06:00,0.78,39.72
2015-02-06 00:00:00-06:00,0.79,39.2
2015-02-06 01:00:00-06:00,0.81,38.98
2015-02-06 02:00:00-06:00,0.8,38.95
2015-02-06 03:00:00-06:00,0.81,38.95
2015-02-06 04:00:00-06:00,0.81,38.77
2015-02-06 05:00:00-06:00,0.82,38.55
2015-02-06 06:00:00-06:00,0.82,38.16
2015-02-06 07:00:00-06:00,0.84,38.27
2015-02-06 08:00:00-06:00,0.81,39.04
2015-02-06 09:00:00-06:00,0.78,40.36
2015-02-06 10:00:00-06:00,0.7,44.2
2015-02-06 11:00:00-06:00,0.67,46.67
2015-02-06 12:00:00-06:00,0.6,51.41
2015-02-06 13:00:00-06:00,0.58,54.63
2015-02-06 14:00:00-06:00,0.56,56.67
2015-02-06 15:00:00-06:00,0.55,58.45
2015-02-06 16:00:00-06:00,0.58,57.44
2015-02-06 17:00:00-06:00,0.59,57.07
2015-02-06 18:00:00-06:00,0.66,53.91
2015-02-06 19:00:00-06:00,0.77,49.63
2015-02-06 20:00:00-06:00,0.8,48.22
2015-02-06 21:00:00-06:00,0.86,46.74
2015-02-06 22:00:00-06:00,0.89,45.46
2015-02-06 23:00:00-06:00,0.91,45.1
2015-02-07 00:00:00-06:00,0.92,45.57
2015-02-07 01:00:00-06:00,0.93,44.2
2015-02-07 02:00:00-06:00,0.95,43.27
2015-02-07 03:00:00-06:00,0.96,42.83
2015-02-07 04:00:00-06:00,0.96,42.42
2015-02-07 05:00:00-06:00,0.97,42.37
2015-02-07 06:00:00-06:00,0.96,42.21
2015-02-07 07:00:00-06:00,0.98,41.28
2015-02-07 08:00:00-06:00,0.96,45.92
2015-02-07 09:00:00-06:00,0.92,49.99
2015-02-07 10:00:00-06:00,0.76,56.02
2015-02-07 11:00:00-06:00,0.68,59.23
2015-02-07 12:00:00-06:00,0.6,62.85
2015-02-07 13:00:00-06:00,0.58,64.54
2015-02-07 14:00:00-06:00,0.54,66.01
2015-02-07 15:00:00-06:00,0.54,67.15
2015-02-07 16:00:00-06:00,0.53,67.36
2015-02-07 17:00:00-06:00,0.55,66.99
2015-02-07 18:00:00-06:00,0.63,63.76
2015-02-07 19:00:00-06:00,0.73,59.3
2015-02-07 20:00:00-06:00,0.75,58.55
2015-02-07 21:00:00-06:00,0.79,57.32
2015-02-07 22:00:00-06:00,0.8,57.47
2015-02-07 23:00:00-06:00,0.88,56.69
2015-02-08 00:00:00-06:00,0.9,56.51
2015-02-08 01:00:00-06:00,0.93,56.5
2015-02-08 02:00:00-06:00,0.94,57.06
2015-02-08 03:00:00-06:00,0.95,57.06
2015-02-08 04:00:00-06:00,0.94,58.14
2015-02-08 05:00:00-06:00,0.93,58.85
2015-02-08 06:00:00-06:00,0.9,59.78
2015-02-08 07:00:00-06:00,0.96,58.61
2015-02-08 08:00:00-06:00,0.95,59.1
2015-02-08 09:00:00-06:00,0.93,59.5
2015-02-08 10:00:00-06:00,0.87,61.31
2015-02-08 11:00:00-06:00,0.82,63.46
2015-02-08 12:00:00-06:00,0.77,65.48
2015-02-08 13:00:00-06:00,0.69,69.02
2015-02-08 14:00:00-06:00,0.64,71.7
2015-02-08 15:00:00-06:00,0.6,73.96
2015-02-08 16:00:00-06:00,0.58,74.36
2015-02-08 17:00:00-06:00,0.59,73.51
2015-02-08 18:00:00-06:00,0.67,69.82
2015-02-08 19:00:00-06:00,0.78,64.61
2015-02-08 20:00:00-06:00,0.84,60.98
2015-02-08 21:00:00-06:00,0.86,58.91
2015-02-08 22:00:00-06:00,0.93,57.13
2015-02-08 23:00:00-06:00,0.91,56.83
2015-02-09 00:00:00-06:00,0.85,56.59
2015-02-09 01:00:00-06:00,0.88,54.66
2015-02-09 02:00:00-06:00,0.88,53.06
2015-02-09 03:00:00-06:00,0.84,53.8
2015-02-09 04:00:00-06:00,0.87,51.12
2015-02-09 05:00:00-06:00,0.88,50.2
2015-02-09 06:00:00-06:00,0.84,50.85
2015-02-09 07:00:00-06:00,0.88,49.19
2015-02-09 08:00:00-06:00,0.86,52.7
2015-02-09 09:00:00-06:00,0.7,59.89
2015-02-09 10:00:00-06:00,0.56,67.05
2015-02-09 11:00:00-06:00,0.48,72.26
2015-02-09 12:00:00-06:00,0.36,76.19
2015-02-09 13:00:00-06:00,0.29,78.74
2015-02-09 14:00:00-06:00,0.26,79.36
2015-02-09 15:00:00-06:00,0.24,80.67
2015-02-09 16:00:00-06:00,0.24,80.36
2015-02-09 17:00:00-06:00,0.26,78.06
2015-02-09 18:00:00-06:00,0.29,73.85
2015-02-09 19:00:00-06:00,0.41,66.58
2015-02-09 20:00:00-06:00,0.5,61.18
2015-02-09 21:00:00-06:00,0.55,58.78
2015-02-09 22:00:00-06:00,0.58,57.33
2015-02-09 23:00:00-06:00,0.64,54.97
2015-02-10 00:00:00-06:00,0.62,54.63
2015-02-10 01:00:00-06:00,0.69,52.0
2015-02-10 02:00:00-06:00,0.69,51.12
2015-02-10 03:00:00-06:00,0.71,49.52
2015-02-10 04:00:00-06:00,0.76,48.43
2015-02-10 05:00:00-06:00,0.75,47.95
2015-02-10 06:00:00-06:00,0.74,48.16
2015-02-10 07:00:00-06:00,0.78,45.75
2015-02-10 08:00:00-06:00,0.79,49.21
2015-02-10 09:00:00-06:00,0.56,58.64
2015-02-10 10:00:00-06:00,0.45,64.6
2015-02-10 11:00:00-06:00,0.39,69.23
2015-02-10 12:00:00-06:00,0.34,73.04
2015-02-10 13:00:00-06:00,0.33,75.07
2015-02-10 14:00:00-06:00,0.32,76.88
2015-02-10 15:00:00-06:00,0.32,77.99
2015-02-10 16:00:00-06:00,0.32,77.87
2015-02-10 17:00:00-06:00,0.35,76.61
2015-02-10 18:00:00-06:00,0.39,72.21
2015-02-10 19:00:00-06:00,0.49,67.33
2015-02-10 20:00:00-06:00,0.54,64.06
2015-02-10 21:00:00-06:00,0.57,62.02
2015-02-10 22:00:00-06:00,0.65,60.14
2015-02-10 23:00:00-06:00,0.75,58.41
2015-02-11 00:00:00-06:00,0.78,56.94
2015-02-11 01:00:00-06:00,0.9,53.64
2015-02-11 02:00:00-06:00,0.94,52.28
2015-02-11 03:00:00-06:00,0.97,51.68
2015-02-11 04:00:00-06:00,0.97,52.24
2015-02-11 05:00:00-06:00,0.99,53.25
2015-02-11 06:00:00-06:00,0.98,53.06
2015-02-11 07:00:00-06:00,0.99,52.7
2015-02-11 08:00:00-06:00,0.98,54.7
2015-02-11 09:00:00-06:00,0.93,57.15
2015-02-11 10:00:00-06:00,0.85,59.81
2015-02-11 11:00:00-06:00,0.66,65.77
2015-02-11 12:00:00-06:00,0.53,70.04
2015-02-11 13:00:00-06:00,0.45,73.04
2015-02-11 14:00:00-06:00,0.4,73.99
2015-02-11 15:00:00-06:00,0.37,75.06
2015-02-11 16:00:00-06:00,0.34,75.47
2015-02-11 17:00:00-06:00,0.39,74.36
2015-02-11 18:00:00-06:00,0.46,70.18
2015-02-11 19:00:00-06:00,0.55,65.37
2015-02-11 20:00:00-06:00,0.68,59.91
2015-02-11 21:00:00-06:00,0.69,60.98
2015-02-11 22:00:00-06:00,0.76,59.5
2015-02-11 23:00:00-06:00,0.72,59.36
2015-02-12 00:00:00-06:00,0.66,57.8
2015-02-12 01:00:00-06:00,0.63,57.36
2015-02-12 02:00:00-06:00,0.61,55.93
2015-02-12 03:00:00-06:00,0.63,53.5
2015-02-12 04:00:00-06:00,0.63,50.89
2015-02-12 05:00:00-06:00,0.64,48.3
2015-02-12 06:00:00-06:00,0.61,47.0
2015-02-12 07:00:00-06:00,0.61,45.85
2015-02-12 08:00:00-06:00,0.6,45.97
2015-02-12 09:00:00-06:00,0.56,47.55
2015-02-12 10:00:00-06:00,0.51,50.45
2015-02-12 11:00:00-06:00,0.48,53.15
2015-02-12 12:00:00-06:00,0.45,55.25
2015-02-12 13:00:00-06:00,0.44,56.51
2015-02-12 14:00:00-06:00,0.41,58.15
2015-02-12 15:00:00-06:00,0.41,59.13
2015-02-12 16:00:00-06:00,0.42,59.06
2015-02-12 17:00:00-06:00,0.42,58.18
2015-02-12 18:00:00-06:00,0.47,55.7
2015-02-12 19:00:00-06:00,0.56,52.24
2015-02-12 20:00:00-06:00,0.61,49.45
2015-02-12 21:00:00-06:00,0.62,48.19
2015-02-12 22:00:00-06:00,0.71,45.08
2015-02-12 23:00:00-06:00,0.66,45.68
2015-02-13 00:00:00-06:00,0.64,46.17
2015-02-13 01:00:00-06:00,0.64,45.38
2015-02-13 02:00:00-06:00,0.69,43.22
2015-02-13 03:00:00-06:00,0.71,42.04
2015-02-13 04:00:00-06:00,0.76,40.76
2015-02-13 05:00:00-06:00,0.76,40.08
2015-02-13 06:00:00-06:00,0.74,40.89
2015-02-13 07:00:00-06:00,0.78,39.54
2015-02-13 08:00:00-06:00,0.71,43.47
2015-02-13 09:00:00-06:00,0.59,48.4
2015-02-13 10:00:00-06:00,0.5,53.47
2015-02-13 11:00:00-06:00,0.45,57.75
2015-02-13 12:00:00-06:00,0.41,61.78
2015-02-13 13:00:00-06:00,0.41,64.14
2015-02-13 14:00:00-06:00,0.41,64.99
2015-02-13 15:00:00-06:00,0.42,65.15
2015-02-13 16:00:00-06:00,0.42,66.33
2015-02-13 17:00:00-06:00,0.46,65.61
2015-02-13 18:00:00-06:00,0.5,63.56
2015-02-13 19:00:00-06:00,0.59,58.86
2015-02-13 20:00:00-06:00,0.64,57.04
2015-02-13 21:00:00-06:00,0.69,55.23
2015-02-13 22:00:00-06:00,0.76,53.75
2015-02-13 23:00:00-06:00,0.78,52.99
2015-02-14 00:00:00-06:00,0.79,53.03
2015-02-14 01:00:00-06:00,0.84,51.18
2015-02-14 02:00:00-06:00,0.85,49.98
2015-02-14 03:00:00-06:00,0.9,47.26
2015-02-14 04:00:00-06:00,0.91,46.73
2015-02-14 05:00:00-06:00,0.9,46.95
2015-02-14 06:00:00-06:00,0.87,48.39
2015-02-14 07:00:00-06:00,0.92,45.03
2015-02-14 08:00:00-06:00,0.93,48.16
2015-02-14 09:00:00-06:00,0.79,55.96
2015-02-14 10:00:00-06:00,0.62,62.8
2015-02-14 11:00:00-06:00,0.53,67.62
2015-02-14 12:00:00-06:00,0.44,72.15
2015-02-14 13:00:00-06:00,0.4,74.33
2015-02-14 14:00:00-06:00,0.38,75.18
2015-02-14 15:00:00-06:00,0.36,76.51
2015-02-14 16:00:00-06:00,0.38,75.95
2015-02-14 17:00:00-06:00,0.41,73.62
2015-02-14 18:00:00-06:00,0.49,69.89
2015-02-14 19:00:00-06:00,0.6,65.07
2015-02-14 20:00:00-06:00,0.65,63.47
2015-02-14 21:00:00-06:00,0.71,61.04
2015-02-14 22:00:00-06:00,0.78,59.38
2015-02-14 23:00:00-06:00,0.82,57.57
2015-02-15 00:00:00-06:00,0.84,58.31
2015-02-15 01:00:00-06:00,0.89,55.79
2015-02-15 02:00:00-06:00,0.91,56.25
2015-02-15 03:00:00-06:00,0.92,56.13
2015-02-15 04:00:00-06:00,0.93,55.86
2015-02-15 05:00:00-06:00,0.93,55.94
2015-02-15 06:00:00-06:00,0.91,57.2
2015-02-15 07:00:00-06:00,0.94,56.34
2015-02-15 08:00:00-06:00,0.94,57.42
2015-02-15 09:00:00-06:00,0.9,60.34
2015-02-15 10:00:00-06:00,0.87,62.42
2015-02-15 11:00:00-06:00,0.83,64.35
2015-02-15 12:00:00-06:00,0.81,64.82
2015-02-15 13:00:00-06:00,0.8,65.75
2015-02-15 14:00:00-06:00,0.87,64.41
2015-02-15 15:00:00-06:00,0.88,64.78
2015-02-15 16:00:00-06:00,0.89,65.21
2015-02-15 17:00:00-06:00,0.88,65.62
2015-02-15 18:00:00-06:00,0.9,65.03
2015-02-15 19:00:00-06:00,0.93,64.82
2015-02-15 20:00:00-06:00,0.95,64.34
2015-02-15 21:00:00-06:00,0.94,64.82
2015-02-15 22:00:00-06:00,0.93,64.97
2015-02-15 23:00:00-06:00,0.92,65.16
2015-02-16 00:00:00-06:00,0.93,65.16
2015-02-16 01:00:00-06:00,0.92,64.97
2015-02-16 02:00:00-06:00,0.91,65.36
2015-02-16 03:00:00-06:00,0.91,65.15
2015-02-16 04:00:00-06:00,0.92,64.97
2015-02-16 05:00:00-06:00,0.92,64.97
2015-02-16 06:00:00-06:00,0.91,54.17
2015-02-16 07:00:00-06:00,0.95,45.74
2015-02-16 08:00:00-06:00,0.97,39.15
2015-02-16 09:00:00-06:00,0.95,38.16
2015-02-16 10:00:00-06:00,0.96,37.52
2015-02-16 11:00:00-06:00,0.9,37.78
2015-02-16 12:00:00-06:00,0.87,37.56
2015-02-16 13:00:00-06:00,0.84,37.82
2015-02-16 14:00:00-06:00,0.76,40.33
2015-02-16 15:00:00-06:00,0.76,39.36
2015-02-16 16:00:00-06:00,0.73,39.21
2015-02-16 17:00:00-06:00,0.75,38.43
2015-02-16 18:00:00-06:00,0.76,38.02
2015-02-16 19:00:00-06:00,0.78,37.65
2015-02-16 20:00:00-06:00,0.79,37.43
2015-02-16 21:00:00-06:00,0.76,37.53
2015-02-16 22:00:00-06:00,0.76,37.43
2015-02-16 23:00:00-06:00,0.75,37.25
2015-02-17 00:00:00-06:00,0.78,36.29
2015-02-17 01:00:00-06:00,0.76,36.1
2015-02-17 02:00:00-06:00,0.77,35.36
2015-02-17 03:00:00-06:00,0.76,35.06
2015-02-17 04:00:00-06:00,0.73,34.67
2015-02-17 05:00:00-06:00,0.7,34.48
2015-02-17 06:00:00-06:00,0.68,34.29
2015-02-17 07:00:00-06:00,0.7,33.76
2015-02-17 08:00:00-06:00,0.68,34.5
2015-02-17 09:00:00-06:00,0.65,35.96
2015-02-17 10:00:00-06:00,0.64,37.44
2015-02-17 11:00:00-06:00,0.58,40.21
2015-02-17 12:00:00-06:00,0.51,43.48
2015-02-17 13:00:00-06:00,0.48,45.74
2015-02-17 14:00:00-06:00,0.44,49.03
2015-02-17 15:00:00-06:00,0.41,51.24
2015-02-17 16:00:00-06:00,0.4,51.64
2015-02-17 17:00:00-06:00,0.42,51.06
2015-02-17 18:00:00-06:00,0.48,48.93
2015-02-17 19:00:00-06:00,0.58,44.93
2015-02-17 20:00:00-06:00,0.68,41.1
2015-02-17 21:00:00-06:00,0.74,38.84
2015-02-17 22:00:00-06:00,0.81,37.06
2015-02-17 23:00:00-06:00,0.81,35.89
2015-02-18 00:00:00-06:00,0.83,36.64
2015-02-18 01:00:00-06:00,0.82,35.66
2015-02-18 02:00:00-06:00,0.78,36.33
2015-02-18 03:00:00-06:00,0.8,35.37
2015-02-18 04:00:00-06:00,0.85,33.81
2015-02-18 05:00:00-06:00,0.87,32.15
2015-02-18 06:00:00-06:00,0.88,32.1
2015-02-18 07:00:00-06:00,0.86,32.58
2015-02-18 08:00:00-06:00,0.83,35.91
2015-02-18 09:00:00-06:00,0.68,43.89
2015-02-18 10:00:00-06:00,0.47,52.24
2015-02-18 11:00:00-06:00,0.39,57.26
2015-02-18 12:00:00-06:00,0.34,59.29
2015-02-18 13:00:00-06:00,0.3,61.81
2015-02-18 14:00:00-06:00,0.27,62.88
2015-02-18 15:00:00-06:00,0.28,63.55
2015-02-18 16:00:00-06:00,0.28,62.88
2015-02-18 17:00:00-06:00,0.29,62.33
2015-02-18 18:00:00-06:00,0.35,58.19
2015-02-18 19:00:00-06:00,0.44,52.66
2015-02-18 20:00:00-06:00,0.5,49.63
2015-02-18 21:00:00-06:00,0.57,46.16
2015-02-18 22:00:00-06:00,0.61,44.82
2015-02-18 23:00:00-06:00,0.63,45.25
2015-02-19 00:00:00-06:00,0.6,46.17
2015-02-19 01:00:00-06:00,0.73,41.38
2015-02-19 02:00:00-06:00,0.75,39.99
2015-02-19 03:00:00-06:00,0.79,39.05
2015-02-19 04:00:00-06:00,0.83,37.99
2015-02-19 05:00:00-06:00,0.85,37.83
2015-02-19 06:00:00-06:00,0.85,37.53
2015-02-19 07:00:00-06:00,0.89,35.84
2015-02-19 08:00:00-06:00,0.87,39.14
2015-02-19 09:00:00-06:00,0.73,46.76
2015-02-19 10:00:00-06:00,0.65,52.39
2015-02-19 11:00:00-06:00,0.59,58.66
2015-02-19 12:00:00-06:00,0.55,62.45
2015-02-19 13:00:00-06:00,0.48,65.19
2015-02-19 14:00:00-06:00,0.46,66.51
2015-02-19 15:00:00-06:00,0.43,68.18
2015-02-19 16:00:00-06:00,0.45,67.8
2015-02-19 17:00:00-06:00,0.48,66.56
2015-02-19 18:00:00-06:00,0.52,64.46
2015-02-19 19:00:00-06:00,0.59,61.46
2015-02-19 20:00:00-06:00,0.65,59.25
2015-02-19 21:00:00-06:00,0.72,57.44
2015-02-19 22:00:00-06:00,0.75,56.11
2015-02-19 23:00:00-06:00,0.8,54.7
2015-02-20 00:00:00-06:00,0.85,54.01
2015-02-20 01:00:00-06:00,0.87,54.56
2015-02-20 02:00:00-06:00,0.88,55.81
2015-02-20 03:00:00-06:00,0.87,57.14
2015-02-20 04:00:00-06:00,0.88,57.51
2015-02-20 05:00:00-06:00,0.88,57.66
2015-02-20 06:00:00-06:00,0.89,58.06
2015-02-20 07:00:00-06:00,0.91,58.15
2015-02-20 08:00:00-06:00,0.9,59.26
2015-02-20 09:00:00-06:00,0.87,61.35
2015-02-20 10:00:00-06:00,0.82,63.95
2015-02-20 11:00:00-06:00,0.8,64.85
2015-02-20 12:00:00-06:00,0.78,65.74
2015-02-20 13:00:00-06:00,0.74,68.35
2015-02-20 14:00:00-06:00,0.68,70.6
2015-02-20 15:00:00-06:00,0.64,71.89
2015-02-20 16:00:00-06:00,0.64,72.1
2015-02-20 17:00:00-06:00,0.67,71.69
2015-02-20 18:00:00-06:00,0.74,68.99
2015-02-20 19:00:00-06:00,0.78,67.67
2015-02-20 20:00:00-06:00,0.79,67.15
2015-02-20 21:00:00-06:00,0.81,66.75
2015-02-20 22:00:00-06:00,0.82,66.57
2015-02-20 23:00:00-06:00,0.81,66.57
2015-02-21 00:00:00-06:00,0.82,66.57
2015-02-21 01:00:00-06:00,0.82,66.57
2015-02-21 02:00:00-06:00,0.82,66.57
2015-02-21 03:00:00-06:00,0.82,66.38
2015-02-21 04:00:00-06:00,0.82,66.57
2015-02-21 05:00:00-06:00,0.82,66.57
2015-02-21 06:00:00-06:00,0.83,66.04
2015-02-21 07:00:00-06:00,0.86,65.65
2015-02-21 08:00:00-06:00,0.86,66.17
2015-02-21 09:00:00-06:00,0.83,67.16
2015-02-21 10:00:00-06:00,0.79,68.58
2015-02-21 11:00:00-06:00,0.77,69.58
2015-02-21 12:00:00-06:00,0.68,72.66
2015-02-21 13:00:00-06:00,0.66,73.14
2015-02-21 14:00:00-06:00,0.61,75.35
2015-02-21 15:00:00-06:00,0.6,74.35
2015-02-21 16:00:00-06:00,0.59,74.94
2015-02-21 17:00:00-06:00,0.63,71.99
2015-02-21 18:00:00-06:00,0.66,68.43
2015-02-21 19:00:00-06:00,0.72,64.43
2015-02-21 20:00:00-06:00,0.72,61.67
2015-02-21 21:00:00-06:00,0.7,58.11
2015-02-21 22:00:00-06:00,0.71,56.13
2015-02-21 23:00:00-06:00,0.72,55.68
2015-02-22 00:00:00-06:00,0.71,55.49
2015-02-22 01:00:00-06:00,0.72,55.49
2015-02-22 02:00:00-06:00,0.73,55.34
2015-02-22 03:00:00-06:00,0.75,55.27
2015-02-22 04:00:00-06:00,0.74,55.49
2015-02-22 05:00:00-06:00,0.75,55.49
2015-02-22 06:00:00-06:00,0.74,56.08
2015-02-22 07:00:00-06:00,0.84,54.91
2015-02-22 08:00:00-06:00,0.85,55.29
2015-02-22 09:00:00-06:00,0.87,55.69
2015-02-22 10:00:00-06:00,0.9,55.14
2015-02-22 11:00:00-06:00,0.91,55.34
2015-02-22 12:00:00-06:00,0.92,55.31
2015-02-22 13:00:00-06:00,0.93,55.18
2015-02-22 14:00:00-06:00,0.92,55.23
2015-02-22 15:00:00-06:00,0.95,51.96
2015-02-22 16:00:00-06:00,0.94,48.9
2015-02-22 17:00:00-06:00,0.89,46.94
2015-02-22 18:00:00-06:00,0.89,45.97
2015-02-22 19:00:00-06:00,0.86,44.37
2015-02-22 20:00:00-06:00,0.86,44.16
2015-02-22 21:00:00-06:00,0.85,43.26
2015-02-22 22:00:00-06:00,0.88,40.83
2015-02-22 23:00:00-06:00,0.89,38.87
2015-02-23 00:00:00-06:00,0.89,37.68
2015-02-23 01:00:00-06:00,0.89,36.76
2015-02-23 02:00:00-06:00,0.91,35.56
2015-02-23 03:00:00-06:00,0.92,34.94
2015-02-23 04:00:00-06:00,0.96,34.04
2015-02-23 05:00:00-06:00,0.98,33.65
2015-02-23 06:00:00-06:00,0.97,32.97
2015-02-23 07:00:00-06:00,0.97,33.16
2015-02-23 08:00:00-06:00,0.96,32.97
2015-02-23 09:00:00-06:00,0.95,32.76
2015-02-23 10:00:00-06:00,0.91,32.76
2015-02-23 11:00:00-06:00,0.93,32.57
2015-02-23 12:00:00-06:00,0.97,32.78
2015-02-23 13:00:00-06:00,0.94,33.49
2015-02-23 14:00:00-06:00,0.89,33.56
2015-02-23 15:00:00-06:00,0.88,33.16
2015-02-23 16:00:00-06:00,0.87,32.97
2015-02-23 17:00:00-06:00,0.87,32.78
2015-02-23 18:00:00-06:00,0.89,32.38
2015-02-23 19:00:00-06:00,0.88,32.2
2015-02-23 20:00:00-06:00,0.88,31.46
2015-02-23 21:00:00-06:00,0.89,31.06
2015-02-23 22:00:00-06:00,0.91,30.87
2015-02-23 23:00:00-06:00,0.92,30.87
2015-02-24 00:00:00-06:00,0.92,30.34
2015-02-24 01:00:00-06:00,0.91,30.04
2015-02-24 02:00:00-06:00,0.91,30.57
2015-02-24 03:00:00-06:00,0.9,30.59
2015-02-24 04:00:00-06:00,0.91,30.38
2015-02-24 05:00:00-06:00,0.93,29.85
2015-02-24 06:00:00-06:00,0.92,29.85
2015-02-24 07:00:00-06:00,0.94,29.85
2015-02-24 08:00:00-06:00,0.9,30.78
2015-02-24 09:00:00-06:00,0.91,31.27
2015-02-24 10:00:00-06:00,0.87,32.57
2015-02-24 11:00:00-06:00,0.84,33.46
2015-02-24 12:00:00-06:00,0.83,33.85
2015-02-24 13:00:00-06:00,0.83,34.07
2015-02-24 14:00:00-06:00,0.85,34.26
2015-02-24 15:00:00-06:00,0.84,35.27
2015-02-24 16:00:00-06:00,0.84,35.89
2015-02-24 17:00:00-06:00,0.83,36.37
2015-02-24 18:00:00-06:00,0.86,36.07
2015-02-24 19:00:00-06:00,0.87,35.67
2015-02-24 20:00:00-06:00,0.93,34.93
2015-02-24 21:00:00-06:00,0.94,34.56
2015-02-24 22:00:00-06:00,0.94,34.97
2015-02-24 23:00:00-06:00,0.96,34.97
2015-02-25 00:00:00-06:00,0.98,34.97
2015-02-25 01:00:00-06:00,0.97,34.97
2015-02-25 02:00:00-06:00,0.98,34.75
2015-02-25 03:00:00-06:00,0.96,35.15
2015-02-25 04:00:00-06:00,0.96,35.15
2015-02-25 05:00:00-06:00,0.98,35.36
2015-02-25 06:00:00-06:00,0.94,35.89
2015-02-25 07:00:00-06:00,0.98,36.1
2015-02-25 08:00:00-06:00,0.96,36.48
2015-02-25 09:00:00-06:00,0.91,38.15
2015-02-25 10:00:00-06:00,0.84,41.02
2015-02-25 11:00:00-06:00,0.78,43.02
2015-02-25 12:00:00-06:00,0.65,48.25
2015-02-25 13:00:00-06:00,0.57,50.99
2015-02-25 14:00:00-06:00,0.47,54.52
2015-02-25 15:00:00-06:00,0.41,57.07
2015-02-25 16:00:00-06:00,0.36,58.74
2015-02-25 17:00:00-06:00,0.36,58.95
2015-02-25 18:00:00-06:00,0.43,55.75
2015-02-25 19:00:00-06:00,0.57,48.63
2015-02-25 20:00:00-06:00,0.64,46.91
2015-02-25 21:00:00-06:00,0.66,45.5
2015-02-25 22:00:00-06:00,0.75,41.66
2015-02-25 23:00:00-06:00,0.82,38.94
2015-02-26 00:00:00-06:00,0.8,39.93
2015-02-26 01:00:00-06:00,0.86,36.37
2015-02-26 02:00:00-06:00,0.9,34.74
2015-02-26 03:00:00-06:00,0.91,34.31
2015-02-26 04:00:00-06:00,0.94,33.02
2015-02-26 05:00:00-06:00,0.97,31.42
2015-02-26 06:00:00-06:00,0.92,32.49
2015-02-26 07:00:00-06:00,0.96,30.77
2015-02-26 08:00:00-06:00,0.9,36.57
2015-02-26 09:00:00-06:00,0.81,42.34
2015-02-26 10:00:00-06:00,0.68,46.66
2015-02-26 11:00:00-06:00,0.64,48.57
2015-02-26 12:00:00-06:00,0.68,47.12
2015-02-26 13:00:00-06:00,0.68,46.54
2015-02-26 14:00:00-06:00,0.7,45.2
2015-02-26 15:00:00-06:00,0.69,44.7
2015-02-26 16:00:00-06:00,0.68,43.73
2015-02-26 17:00:00-06:00,0.66,43.03
2015-02-26 18:00:00-06:00,0.66,41.02
2015-02-26 19:00:00-06:00,0.66,38.53
2015-02-26 20:00:00-06:00,0.64,38.19
2015-02-26 21:00:00-06:00,0.63,37.41
2015-02-26 22:00:00-06:00,0.61,37.25
2015-02-26 23:00:00-06:00,0.59,36.59
2015-02-27 00:00:00-06:00,0.6,36.19
2015-02-27 01:00:00-06:00,0.59,36.38
2015-02-27 02:00:00-06:00,0.59,36.2
2015-02-27 03:00:00-06:00,0.57,36.2
2015-02-27 04:00:00-06:00,0.58,34.49
2015-02-27 05:00:00-06:00,0.61,33.62
2015-02-27 06:00:00-06:00,0.63,33.35
2015-02-27 07:00:00-06:00,0.64,33.13
2015-02-27 08:00:00-06:00,0.64,33.13
2015-02-27 09:00:00-06:00,0.65,33.13
2015-02-27 10:00:00-06:00,0.64,33.76
2015-02-27 11:00:00-06:00,0.67,34.64
2015-02-27 12:00:00-06:00,0.68,34.64
2015-02-27 13:00:00-06:00,0.66,35.96
2015-02-27 14:00:00-06:00,0.66,35.96
2015-02-27 15:00:00-06:00,0.66,35.74
2015-02-27 16:00:00-06:00,0.74,35.29
2015-02-27 17:00:00-06:00,0.81,33.72
2015-02-27 18:00:00-06:00,0.85,32.74
2015-02-27 19:00:00-06:00,0.84,33.01
2015-02-27 20:00:00-06:00,0.84,32.74
2015-02-27 21:00:00-06:00,0.83,33.01
2015-02-27 22:00:00-06:00,0.81,33.01
2015-02-27 23:00:00-06:00,0.84,32.52
2015-02-28 00:00:00-06:00,0.83,32.25
2015-02-28 01:00:00-06:00,0.83,32.25
2015-02-28 02:00:00-06:00,0.81,32.25
2015-02-28 03:00:00-06:00,0.82,32.52
2015-02-28 04:00:00-06:00,0.82,32.52
2015-02-28 05:00:00-06:00,0.85,32.25
2015-02-28 06:00:00-06:00,0.85,32.25
2015-02-28 07:00:00-06:00,0.87,32.52
2015-02-28 08:00:00-06:00,0.88,32.48
2015-02-28 09:00:00-06:00,0.88,32.93
2015-02-28 10:00:00-06:00,0.89,33.42
2015-02-28 11:00:00-06:00,0.93,34.05
2015-02-28 12:00:00-06:00,0.85,36.21
2015-02-28 13:00:00-06:00,0.87,36.81
2015-02-28 14:00:00-06:00,0.86,37.71
2015-02-28 15:00:00-06:00,0.86,37.44
2015-02-28 16:00:00-06:00,0.9,37.44
2015-02-28 17:00:00-06:00,0.91,37.44
2015-02-28 18:00:00-06:00,0.91,38.66
2015-02-28 19:00:00-06:00,0.95,36.85
2015-02-28 20:00:00-06:00,0.97,36.66
2015-02-28 21:00:00-06:00,0.95,37.19
2015-02-28 22:00:00-06:00,0.95,37.0
2015-02-28 23:00:00-06:00,0.96,36.7
